{
  "errors": [],
  "generated_at": "2025-10-21T20:03:50Z",
  "metrics": {
    "./app.py": {
      "CONFIDENCE.HIGH": 0,
      "CONFIDENCE.LOW": 0,
      "CONFIDENCE.MEDIUM": 1,
      "CONFIDENCE.UNDEFINED": 0,
      "SEVERITY.HIGH": 1,
      "SEVERITY.LOW": 0,
      "SEVERITY.MEDIUM": 0,
      "SEVERITY.UNDEFINED": 0,
      "loc": 11,
      "nosec": 0,
      "skipped_tests": 0
    },
    "./tests/test_app.py": {
      "CONFIDENCE.HIGH": 2,
      "CONFIDENCE.LOW": 0,
      "CONFIDENCE.MEDIUM": 0,
      "CONFIDENCE.UNDEFINED": 0,
      "SEVERITY.HIGH": 0,
      "SEVERITY.LOW": 2,
      "SEVERITY.MEDIUM": 0,
      "SEVERITY.UNDEFINED": 0,
      "loc": 10,
      "nosec": 0,
      "skipped_tests": 0
    },
    "_totals": {
      "CONFIDENCE.HIGH": 2,
      "CONFIDENCE.LOW": 0,
      "CONFIDENCE.MEDIUM": 1,
      "CONFIDENCE.UNDEFINED": 0,
      "SEVERITY.HIGH": 1,
      "SEVERITY.LOW": 2,
      "SEVERITY.MEDIUM": 0,
      "SEVERITY.UNDEFINED": 0,
      "loc": 21,
      "nosec": 0,
      "skipped_tests": 0
    }
  },
  "results": [
    {
      "code": "13 if __name__ == '__main__':\n14     app.run(debug=True)\n",
      "col_offset": 4,
      "end_col_offset": 23,
      "filename": "./app.py",
      "issue_confidence": "MEDIUM",
      "issue_cwe": {
        "id": 94,
        "link": "https://cwe.mitre.org/data/definitions/94.html"
      },
      "issue_severity": "HIGH",
      "issue_text": "A Flask app appears to be run with debug=True, which exposes the Werkzeug debugger and allows the execution of arbitrary code.",
      "line_number": 14,
      "line_range": [
        14
      ],
      "more_info": "https://bandit.readthedocs.io/en/1.8.6/plugins/b201_flask_debug_true.html",
      "test_id": "B201",
      "test_name": "flask_debug_true"
    },
    {
      "code": "10         response = client.get('/')\n11         assert response.status_code == 200\n12         assert b'Hello' in response.data\n",
      "col_offset": 8,
      "end_col_offset": 42,
      "filename": "./tests/test_app.py",
      "issue_confidence": "HIGH",
      "issue_cwe": {
        "id": 703,
        "link": "https://cwe.mitre.org/data/definitions/703.html"
      },
      "issue_severity": "LOW",
      "issue_text": "Use of assert detected. The enclosed code will be removed when compiling to optimised byte code.",
      "line_number": 11,
      "line_range": [
        11
      ],
      "more_info": "https://bandit.readthedocs.io/en/1.8.6/plugins/b101_assert_used.html",
      "test_id": "B101",
      "test_name": "assert_used"
    },
    {
      "code": "11         assert response.status_code == 200\n12         assert b'Hello' in response.data\n",
      "col_offset": 8,
      "end_col_offset": 40,
      "filename": "./tests/test_app.py",
      "issue_confidence": "HIGH",
      "issue_cwe": {
        "id": 703,
        "link": "https://cwe.mitre.org/data/definitions/703.html"
      },
      "issue_severity": "LOW",
      "issue_text": "Use of assert detected. The enclosed code will be removed when compiling to optimised byte code.",
      "line_number": 12,
      "line_range": [
        12
      ],
      "more_info": "https://bandit.readthedocs.io/en/1.8.6/plugins/b101_assert_used.html",
      "test_id": "B101",
      "test_name": "assert_used"
    }
  ]
}