{
  "errors": [],
  "generated_at": "2025-10-21T20:51:15Z",
  "metrics": {
    "./app.py": {
      "CONFIDENCE.HIGH": 0,
      "CONFIDENCE.LOW": 0,
      "CONFIDENCE.MEDIUM": 1,
      "CONFIDENCE.UNDEFINED": 0,
      "SEVERITY.HIGH": 1,
      "SEVERITY.LOW": 0,
      "SEVERITY.MEDIUM": 0,
      "SEVERITY.UNDEFINED": 0,
      "loc": 11,
      "nosec": 0,
      "skipped_tests": 0
    },
    "./tests/test_app.py": {
      "CONFIDENCE.HIGH": 2,
      "CONFIDENCE.LOW": 0,
      "CONFIDENCE.MEDIUM": 0,
      "CONFIDENCE.UNDEFINED": 0,
      "SEVERITY.HIGH": 0,
      "SEVERITY.LOW": 2,
      "SEVERITY.MEDIUM": 0,
      "SEVERITY.UNDEFINED": 0,
      "loc": 10,
      "nosec": 0,
      "skipped_tests": 0
    },
    "_totals": {
      "CONFIDENCE.HIGH": 2,
      "CONFIDENCE.LOW": 0,
      "CONFIDENCE.MEDIUM": 1,
      "CONFIDENCE.UNDEFINED": 0,
      "SEVERITY.HIGH": 1,
      "SEVERITY.LOW": 2,
      "SEVERITY.MEDIUM": 0,
      "SEVERITY.UNDEFINED": 0,
      "loc": 21,
      "nosec": 0,
      "skipped_tests": 0
    }
  },
  "results": []
}